{
	"embed_TightIso_dm0": {
		"alpha": 3.110890,
		"m_{0}": 36.307447,
		"sigma": 4.112106,
		"norm": 1.100000,
		"n": 1.628884
	},
	"embed_TightIso_dm1": {
		"alpha": 3.006408,
		"m_{0}": 35.961263,
		"sigma": 3.193910,
		"norm": 1.100000,
		"n": 1.432791
	},
	"embed_TightIso_dm10": {
		"alpha": 3.546511,
		"m_{0}": 41.600296,
		"sigma": 6.514146,
		"norm": 1.014719,
		"n": 3.392628
	}
}