{
	"embed_TightIso_dm0": {
		"alpha": 4.066173,
		"m_{0}": 36.779525,
		"sigma": 4.546669,
		"norm": 1.100000,
		"n": 1.571154
	},
	"embed_TightIso_dm1": {
		"alpha": 3.635805,
		"m_{0}": 36.238419,
		"sigma": 3.428640,
		"norm": 1.100000,
		"n": 1.405781
	},
	"embed_TightIso_dm10": {
		"alpha": 2.966012,
		"m_{0}": 40.943584,
		"sigma": 6.394476,
		"norm": 1.003462,
		"n": 6.039129
	}
}